{
  "num_windows": 19347,
  "seq_len": 50,
  "num_fold_models": 3,
  "overall_mae": 0.10986986756324768,
  "overall_r2": 0.775033175945282,
  "per_output": {
    "x": {
      "mae": 0.05362703278660774,
      "r2": 0.9720408916473389
    },
    "y": {
      "mae": 0.0364062525331974,
      "r2": 0.9799667000770569
    },
    "z": {
      "mae": 0.02590063028037548,
      "r2": 0.9845519661903381
    },
    "vx": {
      "mae": 0.17862209677696228,
      "r2": 0.9424020051956177
    },
    "vy": {
      "mae": 0.10777314007282257,
      "r2": 0.9601920247077942
    },
    "vz": {
      "mae": 0.08391162008047104,
      "r2": 0.9712203145027161
    },
    "roll": {
      "mae": 0.06133880838751793,
      "r2": 0.7940136790275574
    },
    "pitch": {
      "mae": 0.05284891277551651,
      "r2": 0.878688395023346
    },
    "yaw": {
      "mae": 0.023531252518296242,
      "r2": 0.4737094044685364
    },
    "wx": {
      "mae": 0.3078697919845581,
      "r2": 0.39326614141464233
    },
    "wy": {
      "mae": 0.2710367739200592,
      "r2": 0.5494658946990967
    },
    "wz": {
      "mae": 0.11557204276323318,
      "r2": 0.40088021755218506
    }
  },
  "checkpoint_paths": [
    "checkpoints/best_so_far/chirp/model.pt",
    "checkpoints/best_so_far/random/model.pt",
    "checkpoints/best_so_far/square/model.pt"
  ]
}