{
  "num_windows": 19347,
  "seq_len": 50,
  "stride": 1,
  "num_fold_models": 3,
  "overall_mae": 0.08275428414344788,
  "overall_r2": 0.7299738526344299,
  "per_output": {
    "x": {
      "mae": 0.024777408689260483,
      "r2": 0.9940733909606934
    },
    "y": {
      "mae": 0.022702254354953766,
      "r2": 0.9917866587638855
    },
    "z": {
      "mae": 0.014184881933033466,
      "r2": 0.995100200176239
    },
    "vx": {
      "mae": 0.09801366925239563,
      "r2": 0.9780499339103699
    },
    "vy": {
      "mae": 0.08741417527198792,
      "r2": 0.9697769284248352
    },
    "vz": {
      "mae": 0.0642012506723404,
      "r2": 0.98097163438797
    },
    "roll": {
      "mae": 0.04580513760447502,
      "r2": 0.816325306892395
    },
    "pitch": {
      "mae": 0.039841555058956146,
      "r2": 0.8702293038368225
    },
    "yaw": {
      "mae": 0.0309490617364645,
      "r2": -0.2679861783981323
    },
    "wx": {
      "mae": 0.236542209982872,
      "r2": 0.4919431805610657
    },
    "wy": {
      "mae": 0.2300085425376892,
      "r2": 0.5505982637405396
    },
    "wz": {
      "mae": 0.0986112505197525,
      "r2": 0.3888174295425415
    }
  },
  "checkpoint_paths": [
    "/home/dpiga/benchmarks/NanoDrone_3Fold/checkpoints/best_so_far/chirp/model.pt",
    "/home/dpiga/benchmarks/NanoDrone_3Fold/checkpoints/best_so_far/random/model.pt",
    "/home/dpiga/benchmarks/NanoDrone_3Fold/checkpoints/best_so_far/square/model.pt"
  ]
}