{
  "seq_len": 50,
  "num_windows": 390,
  "autoresearch_best": {
    "per_output": {
      "x": {
        "mae": 0.024506041780114174,
        "r2": 0.993591845035553
      },
      "y": {
        "mae": 0.022528517991304398,
        "r2": 0.9921029806137085
      },
      "z": {
        "mae": 0.013714178465306759,
        "r2": 0.9957253932952881
      },
      "vx": {
        "mae": 0.09677704423666,
        "r2": 0.978785514831543
      },
      "vy": {
        "mae": 0.08606507629156113,
        "r2": 0.9706873893737793
      },
      "vz": {
        "mae": 0.06286803632974625,
        "r2": 0.9829026460647583
      },
      "roll": {
        "mae": 0.044469013810157776,
        "r2": 0.8588917851448059
      },
      "pitch": {
        "mae": 0.03969746083021164,
        "r2": 0.8865303993225098
      },
      "yaw": {
        "mae": 0.03125714510679245,
        "r2": -0.14307093620300293
      },
      "wx": {
        "mae": 0.23502472043037415,
        "r2": 0.5207380652427673
      },
      "wy": {
        "mae": 0.22511819005012512,
        "r2": 0.5997219085693359
      },
      "wz": {
        "mae": 0.09758586436510086,
        "r2": 0.4147018790245056
      }
    },
    "overall_mae": 0.0816342681646347,
    "overall_r2": 0.7542756199836731
  },
  "random_search_best": {
    "per_output": {
      "x": {
        "mae": 0.03094686195254326,
        "r2": 0.9901745319366455
      },
      "y": {
        "mae": 0.028717009350657463,
        "r2": 0.9870758056640625
      },
      "z": {
        "mae": 0.016962353140115738,
        "r2": 0.9939559102058411
      },
      "vx": {
        "mae": 0.12489906698465347,
        "r2": 0.967930257320404
      },
      "vy": {
        "mae": 0.09252677112817764,
        "r2": 0.9692127108573914
      },
      "vz": {
        "mae": 0.0722130686044693,
        "r2": 0.9777399897575378
      },
      "roll": {
        "mae": 0.05396650731563568,
        "r2": 0.8282444477081299
      },
      "pitch": {
        "mae": 0.04821685329079628,
        "r2": 0.8911800980567932
      },
      "yaw": {
        "mae": 0.02141164429485798,
        "r2": 0.5297284126281738
      },
      "wx": {
        "mae": 0.2701707184314728,
        "r2": 0.4350195527076721
      },
      "wy": {
        "mae": 0.2692936658859253,
        "r2": 0.5491873025894165
      },
      "wz": {
        "mae": 0.09637684375047684,
        "r2": 0.4110643267631531
      }
    },
    "overall_mae": 0.09380844980478287,
    "overall_r2": 0.7942094802856445
  }
}