{
  "x": {
    "AR": {
      "mae": 0.3828458786010742,
      "r2": -0.17622411251068115
    },
    "RS": {
      "mae": 0.37954869866371155,
      "r2": -0.14423835277557373
    }
  },
  "y": {
    "AR": {
      "mae": 0.2698213458061218,
      "r2": -0.20743930339813232
    },
    "RS": {
      "mae": 0.267503023147583,
      "r2": -0.16454839706420898
    }
  },
  "z": {
    "AR": {
      "mae": 0.2427101731300354,
      "r2": -0.1941838264465332
    },
    "RS": {
      "mae": 0.2400362193584442,
      "r2": -0.16915464401245117
    }
  },
  "vx": {
    "AR": {
      "mae": 0.8120509386062622,
      "r2": -0.21257150173187256
    },
    "RS": {
      "mae": 0.8114562034606934,
      "r2": -0.17710542678833008
    }
  },
  "vy": {
    "AR": {
      "mae": 0.589389979839325,
      "r2": -0.23385405540466309
    },
    "RS": {
      "mae": 0.5982380509376526,
      "r2": -0.27204644680023193
    }
  },
  "vz": {
    "AR": {
      "mae": 0.5030168294906616,
      "r2": -0.19674336910247803
    },
    "RS": {
      "mae": 0.5024522542953491,
      "r2": -0.16924524307250977
    }
  },
  "roll": {
    "AR": {
      "mae": 0.15587539970874786,
      "r2": -0.2581738233566284
    },
    "RS": {
      "mae": 0.1589675098657608,
      "r2": -0.22034859657287598
    }
  },
  "pitch": {
    "AR": {
      "mae": 0.18859411776065826,
      "r2": -0.4372889995574951
    },
    "RS": {
      "mae": 0.19091938436031342,
      "r2": -0.36196231842041016
    }
  },
  "yaw": {
    "AR": {
      "mae": 0.04893743246793747,
      "r2": -0.846733570098877
    },
    "RS": {
      "mae": 0.04284944385290146,
      "r2": -0.3045642375946045
    }
  },
  "wx": {
    "AR": {
      "mae": 0.45877110958099365,
      "r2": -0.593897819519043
    },
    "RS": {
      "mae": 0.4604586660861969,
      "r2": -0.443729043006897
    }
  },
  "wy": {
    "AR": {
      "mae": 0.49200037121772766,
      "r2": -0.32205331325531006
    },
    "RS": {
      "mae": 0.5290299654006958,
      "r2": -0.3953043222427368
    }
  },
  "wz": {
    "AR": {
      "mae": 0.13833655416965485,
      "r2": 0.10102635622024536
    },
    "RS": {
      "mae": 0.1360916942358017,
      "r2": 0.11448872089385986
    }
  }
}