{
  "metric": "mae",
  "training_progress_metric": "normalized_mae",
  "num_folds": 3,
  "train_mae_norm_mean": 0.1349697783589363,
  "train_mae_norm_std": 0.03334842824934009,
  "validation_mae_norm_mean": 0.6668425301710764,
  "validation_mae_norm_std": 0.2900847978546078,
  "train_mae_raw_mean": 0.06534564370910327,
  "train_mae_raw_std": 0.022719136386843603,
  "validation_mae_raw_mean": 0.2827906558911006,
  "validation_mae_raw_std": 0.10369602113265994,
  "best_epoch_mean": 33.333333333333336,
  "best_epoch_median": 25,
  "folds": [
    {
      "validation_name": "chirp",
      "best_epoch": 25,
      "checkpoint_path": "/home/dpiga/benchmarks/NanoDrone_3Fold/random_search/checkpoints/config_0021/chirp/model.pt",
      "train_mae_norm": 0.15754413604736328,
      "validation_mae_norm": 0.3466738760471344,
      "train_mae_raw": 0.08167736977338791,
      "validation_mae_raw": 0.15519435703754425
    },
    {
      "validation_name": "random",
      "best_epoch": 25,
      "checkpoint_path": "/home/dpiga/benchmarks/NanoDrone_3Fold/random_search/checkpoints/config_0021/random/model.pt",
      "train_mae_norm": 0.15954309701919556,
      "validation_mae_norm": 0.604794442653656,
      "train_mae_raw": 0.08114214241504669,
      "validation_mae_raw": 0.28398939967155457
    },
    {
      "validation_name": "square",
      "best_epoch": 50,
      "checkpoint_path": "/home/dpiga/benchmarks/NanoDrone_3Fold/random_search/checkpoints/config_0021/square/model.pt",
      "train_mae_norm": 0.08782210201025009,
      "validation_mae_norm": 1.049059271812439,
      "train_mae_raw": 0.0332174189388752,
      "validation_mae_raw": 0.4091882109642029
    }
  ]
}